{
  "timestamp": "2026-01-04T22:37:00.009129",
  "cv_folds": 5,
  "total_samples": 44878,
  "feature_count": 5000,
  "results": {
    "Logistic Regression": {
      "mean_accuracy": 0.9887695619144086,
      "std_deviation": 0.0009383781602121166,
      "ci_lower": 0.9869303407203929,
      "ci_upper": 0.9906087831084243,
      "fold_scores": [
        0.9874108734402852,
        0.9901960784313726,
        0.9883021390374331,
        0.9886350974930362,
        0.9893036211699164
      ]
    },
    "Decision Tree": {
      "mean_accuracy": 0.9952092488046118,
      "std_deviation": 0.0003377230290026687,
      "ci_lower": 0.9945473116677666,
      "ci_upper": 0.9958711859414571,
      "fold_scores": [
        0.9950980392156863,
        0.9952094474153298,
        0.9946524064171123,
        0.9956545961002785,
        0.9954317548746519
      ]
    },
    "Gradient Boosting": {
      "mean_accuracy": 0.9957885863385618,
      "std_deviation": 0.0003947958618750773,
      "ci_lower": 0.9950147864492866,
      "ci_upper": 0.996562386227837,
      "fold_scores": [
        0.9958778966131907,
        0.9962121212121212,
        0.9950980392156863,
        0.996100278551532,
        0.9956545961002785
      ]
    },
    "Random Forest": {
      "mean_accuracy": 0.997080956211302,
      "std_deviation": 0.0005699527726687014,
      "ci_lower": 0.9959638487768714,
      "ci_upper": 0.9981980636457326,
      "fold_scores": [
        0.9974376114081996,
        0.9977718360071302,
        0.9968805704099821,
        0.9972144846796658,
        0.996100278551532
      ]
    }
  }
}